Core 1.0.7d,Core 1.0.7d
Spanish,Español
stealth,sigilo
"Note that a turn does not progress until all the character’s pop-up text is gone, so adjusting this number will also adjust how quickly combat turns pass","Ten en cuenta que un turno no avanza hasta que todo el texto emergente del personaje desaparece, por lo que ajustar este número también ajustará la rapidez con la que transcurren los turnos de combate."
On,Activado
If enabled it will use the game’s blended lighting system,"Si se activa, utilizará el sistema de iluminación combinada del juego."
This is what a quote looks like,
Core 1.0.7d,Core 1.0.7d
Core 1.0.7d,Core 1.0.7d
vitality,vitalidad
salt,sal
noble,noble
A member of the ‘old breed’  forged and tempered by the hardships of soldiering,Un miembro de la «vieja raza» forjado y templado por las penurias del servicio militar.
Spanish,Español
stealth,sigilo
"Note that a turn does not progress until all the character’s pop-up text is gone, so adjusting this number will also adjust how quickly combat turns pass","Ten en cuenta que un turno no avanza hasta que todo el texto emergente del personaje desaparece, por lo que ajustar este número también ajustará la rapidez con la que transcurren los turnos de combate."
On,Activado
TWO-HANDED INITIATE,INICIADO A DOS MANOS
You can't make camp on this map,No se puede acampar en este mapa
HP,PG
Alerted,Alertado
Rabid Rat begun,Rata Rabiosa iniciada
Saved,Guardado
Immune,Inmune
Gained,¡Obtenidos
XP!,XP!
Let’s go,Vamos.
SKALD Core 1.0.7d,SKALD Core 1.0.7d
Press TAB to exit or ESC to clear console,Pulse TAB para salir o ESC para borrar la consola
Some helpful commands,Algunos comandos útiles
heals the party fully - adds 1000 gold. - Wins any combat,Cura completamente al grupo - Añade 1000 de oro. - Gana cualquier combate
crafting,artesanía
potatoes,patatas
perklin,perklin
Blunt Damage,Daño contundente
Aaron is occupied!,¡Aaron está ocupado!
Key,llave
TWO-HANDER,DOS MANOS
development points,puntos de desarrollo
I believe you - but my contract with these men does not mention your survival,Te creo - pero mi contrato con estos hombres no menciona tu supervivencia
Some pierce straight through the deck - Others snap the masts like they were matchsticks,"Algunos atraviesan la cubierta, otros rompen los mástiles como si fueran cerillas."
Berryn,Berryn
Save Game,Guardar partida
OVERWRITE,SOBREESCRIBIR
Type a name and press 'Save'!,Escribe un nombre y pulsa «Guardar».
Name must be between 3 and 60 characters long and must be a valid file-name,El nombre debe tener entre 3 y 60 caracteres y debe ser un nombre de archivo válido.
Come here whelp!,¡Ven aquí cachorro!
will automatically,
FAIL,FALLO
this skill check due to having low Skill Score versus the Difficulty,de habilidad frente a la dificultad
Woof,Woof
I hear master Cato isn't seeing anyone,He oído que el maestro Cato no está viendo a nadie
Sub-Quest Started,Sub-búsqueda iniciada
Sub-Quest Failed,Sub-búsqueda fallida
Quest Failed,Búsqueda fallida
Hard were the years that followed  the mercenary life is bloody and unforgiving,Duros fueron los años que siguieron la vida mercenaria es sangrienta e implacable
BERRYN,BERRYN
Achievement Unlocked,Logo Desbloqueado
Fog and Rain Night,Noche de niebla y lluvia
Fog and Rain Day,Día de niebla y lluvia
Water blocks your path!,¡El agua bloquea tu camino!
Thief Feats,Hazañas de ladrón
Kat reaches Level,Kat alcanza el nivel
Female Human,Hembra Humana
Trinket,Baratija
reaches Level,alcanza el nivel
This item cannot be used like this,Este objeto no puede usarse así
You scale the wall,Escalas la pared
Tonight's Meal,Comida de esta noche
Party's Food,Comida de la Fiesta
Activities,Actividades
Train,Entrena
Begin Rest,Comienza el Descanso
Manage Party,Gestiona la Fiesta
"0,03 lb",
A Comfortable Camp,Un Campamento Cómodo
Foggy Day,Día Nublado
LORE 5+,LORE 5+
A LORE score of 5 or higher is required to succeed,Se requiere una puntuación de LORE de 5 o superior para tener éxito
Lore (,Lore (
) + Static Bonus (,) + Bonificación Estática (
does not beat Difficulty (,no supera la Dificultad (
STATIC TEST,PRUEBA ESTÁTICA
Ragnar only has a LORE score of,Ragnar sólo tiene una puntuación de LORE de
ration,ración
Next,Siguiente
Prev,Anterior
ROTCRAWLER INSECT,INSECTO ROTCRAWLER
presence,presencia
Overcast Day,Día Nublado
Giant Bat recovers from surprise!,¡Murciélago Gigante se recupera de la sorpresa!
Disengages,Desengancha
Giant Bat Disengages,Giant Bat Desengancha
Miss,Miss
Masterwork Full Helmet of Crafting,Masterwork Full Helmet of Crafting
Masterwork Full Helmet of Crafting,Masterwork Full Helmet of Crafting
MASTERWORK FULL HELMET OF CRAFTING,MASTERWORK FULL HELMET OF CRAFTING
Enchanted,Encantado
Save3 Ragnar 07.14.25 01.09.11_,Save3 Ragnar 07.14.25 01.09.11_
Save3 Ragnar 07.14.25 01.09.11,Save3 Ragnar 07.14.25 01.09.11
Giant Lee,Giant Lee
Albino Le,Albino Le
Select Ability!,¡Selecciona habilidad!
Backstab!,¡Puñalada trapera!
#Afraid,#Afraid
SAVE3 RAGNAR 07.14.25 01.09.11,SAVE3 RAGNAR 07.14.25 01.09.11
Save4 Ragnar 07.14.25 01.12.35_,Save4 Ragnar 07.14.25 01.12.35_
Save4 Ragnar 07.14.25 01.12.35,Save4 Ragnar 07.14.25 01.12.35
SAVE4 RAGNAR 07.14.25 01.12.35,SAVE4 RAGNAR 07.14.25 01.12.35
Are you sure you want to overwrite the following save,¿Estás seguro de que quieres sobrescribir el siguiente save
Giant Cra,Cangrejo Gigante
Crab recovers from surprise!,¡Cangrejo se recupera de la sorpresa!
Ragnar is too hurt to force a lock,Ragnar está demasiado herido para forzar un bloqueo
Necklace,Collar
You cannot make camp in this area,No se puede acampar en esta zona
"However, you can sleep in a bed if you can find one!","Sin embargo, ¡puedes dormir en una cama si encuentras una!"
Like I said gutting the bastard will go a long way towards setting things right,"Como he dicho, destripar a ese bastardo contribuirá en gran medida a arreglar las cosas."
Crab Disengages,El Cangrejo se Desengancha
is Flat-Footed,se Desengancha
A Rough Camp,Un Campamento Duro
ACTIVITY,ACTIVIDAD
The character attempts to instruct the party using their Lore skill,El personaje intenta instruir al grupo usando su habilidad de Lore
Success gives a small XP reward,El éxito da una pequeña recompensa de XP
Kat must roll,Kat debe tirar
versus,contra
Ragnar must roll,Ragnar debe tirar
Forage,Forrajear
The character has a chance to find some extra food depending on their Survival skill,El personaje tiene una oportunidad de encontrar algo de comida extra dependiendo de su habilidad de Supervivencia
The food found cannot be consumed until the next rest period,La comida encontrada no puede ser consumida hasta el siguiente periodo de descanso
Fletch,Fletch
The character has a chance to create a small number of Hunting Arrows depending on their Crafting skill,El personaje tiene una oportunidad de crear un pequeño número de Flechas de Caza dependiendo de su habilidad de Artesanía
Entertain,Entretener
The character tries to lift their comrades' spirits using their Diplomacy skill,El personaje intenta levantar el ánimo de sus compañeros usando su habilidad de Diplomacia
Success adds the Motivated Condition to all party-members,El éxito añade la Condición Motivado a todos los miembros del grupo. miembros del grupo
Camp activities begin,Comienzan las actividades del campamento
Ragnar is too heavily wounded to work,Ragnar está demasiado herido para trabajar
Kat is too hungry to work,Kat está demasiado hambrienta para trabajar
Z,Z
Z z,Z z
Z z Z,Z z Z
The party rested 8 hours and recovered partially,El grupo descansa 8 horas y se recupera parcialmente
You rest for 8 hours,Descansas 8 horas
Fix Rope,Fijar Cuerda
Foggy Night,Foggy Night
Stars are birthed and die collapsing in on themselves in cataclysms that shake the very foundations of creation,Las estrellas nacen y mueren derrumbándose sobre sí mismas en cataclismos que sacuden los cimientos de la creación.
on 2d6 to succeed on this,en 2d6 para tener éxito
You manage to descend the wall,Consigues descender por la pared
Dire Houn,Dire Houn
Spanish,Español
stealth,sigilo
"Note that a turn does not progress until all the character’s pop-up text is gone, so adjusting this number will also adjust how quickly combat turns pass",
Ragnar,Ragnar
Auto_Save,Auto_Save
"For Sofie, Amalie and Kathrine","For Sofie, Amalie and Kathrine"
WRITTEN AND DEVELOPED BY,ESCRITO Y DESARROLLADO POR
Anders Lauridsen,Anders Lauridsen
PUBLISHED BY,PUBLISHED BY
Raw Fury,Raw Fury
WITH FINANCIAL SUPPORT FROM,CON EL APOYO FINANCIERO DE
Innovation Norway,Innovation Norway
Norwegian Film Institute,Norwegian Film Institute
PRODUCED BY,PRODUCIDO POR
Charles Livermore,Charles Livermore
Hendrik Richter,Hendrik Richter
Joel Sieh,Joel Sieh
Swen Vincke,Swen Vincke
Tom Jackson,Tom Jackson
ART,ARTE
Maarten Boot,Maarten Boot
Gustav Samuelson,Gustav Samuelson
John Henderson,John Henderson
Paolo Rathjen,Paolo Rathjen
Michael Stefanakis,Michael Stefanakis
Marco Pedrana,Marco Pedrana
Scott Hartill,Scott Hartill
Torgeir Fjereide,Torgeir Fjereide
Henning Ludvigsen,Henning Ludvigsen
KEY ART,ARTE CLAVE
Tuandat Phan,Tuandat Phan
MUSIC,MUSICA
Romanus Surt,Romanus Surt
SOUND FX,EFECTOS DE SONIDO
Edwin Montgomery,Edwin Montgomery
ADDITIONAL WRITING,ESCRITURA ADICIONAL
Rachael A Edwards,Rachael A Edwards
Danny Salfield Wadeson,Danny Salfield Wadeson
ADDITIONAL CODIING,PROGRAMACION ADICIONAL
Ivan Gradecak,Ivan Gradecak
A special thanks to NAIVE,Un agradecimiento especial a NAIVE
for their work on,por su trabajo en
the Skald Trailer,el Trailer de SKALD
Robin Jonsson,Robin Jonsson
Oskar Gullstrand,Oskar Gullstrand
Simon Rudholm,Simon Rudholm
Jakob Oldenburg,Jakob Oldenburg
Cecilia Azout,Cecilia Azout
A special thanks to ARTISTRY,A special thanks to ARTISTRY
the Launch Trailer,the Launch Trailer
Calle Norberg,Calle Norberg
John Persson,John Persson
CROWDFUNDERS,CROWDFUNDERS
DARK LORD TIER,DARK LORD TIER
DEITY TIER,DEITY TIER
Detocroix,Detocroix
PirateHeart,PirateHeart
Stefano Cinghialotto,Stefano Cinghialotto
Thomas Hays,Thomas Hays
IMPERATOR TIER,IMPERATOR TIER
Adam Burr,Adam Burr
Adam Trojanowski,Adam Trojanowski
Alex Rodriguez,Alex Rodriguez
Andrew Emau,Andrew Emau
Andrew Hurley,Andrew Hurley
Chris Bolin,Chris Bolin
Christian Turcic,Christian Turcic
Christopher J,Christopher J
Mallery,Mallery
Claudio Marro Filosa,Claudio Marro Filosa
Dan Spitzley,Dan Spitzley
David Cohn,David Cohn
David Youd,David Youd
Dominik Reichardt,Dominik Reichardt
Donald Gjoka,Donald Gjoka
Espen Kummeneje,Espen Kummeneje
Forrest Lowe,Forrest Lowe
fred.hiss,fred.hiss
General deFault,General deFault
GroovyDad and the Slap Me Some Skin Kids,GroovyDad and the Slap Me Some Skin Kids
Huffy,Huffy
Jaakko Kosola,Jaakko Kosola
Jan H,Jan H
Kruger,Kruger
Jarrod Kailef,Jarrod Kailef
Jeff Groetsema,Jeff Groetsema
Jon Birnbaum,Jon Birnbaum
josh.bartel,josh.bartel
Kurt K,Kurt K
Magnus Langseter,Magnus Langseter
Matt Barton,Matt Barton
Matt Shively,Matt Shively
Matthew Fitzgerald,Matthew Fitzgerald
mind,mind
pauloesquilo,pauloesquilo
Peter E,Peter E
Robert Schultz,Robert Schultz
Robert Vandeventer,Robert Vandeventer
Sanwei Wang,Sanwei Wang
Scotoma,Scotoma
Shawn McKee,Shawn McKee
Steffen Harders,Steffen Harders
Stephen Conley,Stephen Conley
travisyates,travisyates
Vincent Nix,Vincent Nix
Wittler,Wittler
Y,Y
K,K
Lee,Lee
HIGH WIZARD TIER,HIGH WIZARD TIER
Alain Deschenes,Alain Deschenes
Alex Norton,Alex Norton
Andre Morais,Andre Morais
Andrew Brozek,Andrew Brozek
BacteriaMage,BacteriaMage
Camilla Lauridsen,Camilla Lauridsen
Carl Andersson,Carl Andersson
Chad Alexander,Chad Alexander
Chauncey Fannin,Chauncey Fannin
Chris Freeman,Chris Freeman
Chris Torrence,Chris Torrence
Damjan Mozetic,Damjan Mozetic
Dan Thoresen,Dan Thoresen
David Guiot,David Guiot
David LeCompte,David LeCompte
David Provost,David Provost
DeathKnight,DeathKnight
Larian,Larian
don,don
Eirik Heen,Eirik Heen
Eric LECLERC,Eric LECLERC
EudaemonicTonic,EudaemonicTonic
fandenivoldsk,fandenivoldsk
foboman,foboman
Frank 'Darthan Haj' Flury,Frank 'Darthan Haj' Flury
Frank Wolter,Frank Wolter
Games Dead LoL,Games Dead LoL
Gerald-Markus Zabos,Gerald-Markus Zabos
Grant Laird Jr,Grant Laird Jr
Henry Curley,Henry Curley
Hergon,Hergon
Insert Disk,Insert Disk
Istvan Seres,Istvan Seres
James Latzer,James Latzer
Jan Burda,Jan Burda
Jani Grondahl,Jani Grondahl
Janne Markkula,Janne Markkula
Jo Bjornar Hausnes,Jo Bjornar Hausnes
Joel Panadero Alcaide,Joel Panadero Alcaide
Jon Mines,Jon Mines
Juan Rodriguez Sabater,Juan Rodriguez Sabater
Kyle Good,Kyle Good
LP,LP
Luca,Luca
M.B,M.B
maik.dobbermann,maik.dobbermann
Margaret Anderson,Margaret Anderson
Mark Bauermeister,Mark Bauermeister
Mathias Luzius,Mathias Luzius
Michael Wolf,Michael Wolf
Mirko Koponen,Mirko Koponen
Nick Walton,Nick Walton
olpika,olpika
Pablo Giommi,Pablo Giommi
Peter Cutting,Peter Cutting
Pix,Pix
pongo,pongo
Rich,Rich
Rupert Fuller,Rupert Fuller
Rupert L,Rupert L
Ryan Waldron,Ryan Waldron
samuelschwager,samuelschwager
Stefan Kurz,Stefan Kurz
Steve Coltrin,Steve Coltrin
Tilmann Jakob,Tilmann Jakob
Todd Pollman,Todd Pollman
Tom Hoeppner,Tom Hoeppner
Viktor,Viktor
LORD OF THE REALM TIER,LORD OF THE REALM TIER
Ben B,Ben B
bpstrat,bpstrat
Bryan Pope,Bryan Pope
Christophe Chidoyan,Christophe Chidoyan
Constantin Arndt,Constantin Arndt
Cread Mefford,Cread Mefford
Daniel Bishop,Daniel Bishop
Daniel Hein,Daniel Hein
Dark Star,Dark Star
Ernst Krogtoft,Ernst Krogtoft
Gabor Lux,Gabor Lux
Haakon Jensen,Haakon Jensen
Jason Andrew George Bradwell,Jason Andrew George Bradwell
Jonathan Squyres,Jonathan Squyres
Joseph Rake,Joseph Rake
Joshua Lee,Joshua Lee
Justin Offermann,Justin Offermann
Kai R,Kai R
Hagen,Hagen
Kathrine,Kathrine
Kjetil Kristoffersen,Kjetil Kristoffersen
Kozelek,Kozelek
Milknorf,Milknorf
Na-cia Bell,Na-cia Bell
Peter Kessler,Peter Kessler
Polie D,Polie D
Richard Garriott,Richard Garriott
Simon,Simon
Theo Lane,Theo Lane
Thomas Jansen,Thomas Jansen
Walter Rafelsberger,Walter Rafelsberger
Wilhelm Feibel,Wilhelm Feibel
William Donnell,William Donnell
William Lee,William Lee
Xoel Rodriguez,Xoel Rodriguez
KNIGHT TIER,KNIGHT TIER
Workshop,Workshop
LLC,LLC
Abel Trespalacios,Abel Trespalacios
Alessandro,Alessandro
Alex Beattie,Alex Beattie
Alex Wayman,Alex Wayman
Andre Conde Morais,Andre Conde Morais
Andreas Vlcek,Andreas Vlcek
Anthony Tedesco,Anthony Tedesco
Arnaud Delbos,Arnaud Delbos
Benjamin Fett,Benjamin Fett
Brian Jepson,Brian Jepson
Bumvelcrow,Bumvelcrow
Cameron,Cameron
Carlton Doerner,Carlton Doerner
charis hoo,charis hoo
Chris Stillman,Chris Stillman
Christer Johannessen,Christer Johannessen
Christopher Hamilton,Christopher Hamilton
Christopher Mangum,Christopher Mangum
Christopher White,Christopher White
Chuck Haberl,Chuck Haberl
Corey Woodworth,Corey Woodworth
Daniel Schwen,Daniel Schwen
Darkless,Darkless
Dave Blazina,Dave Blazina
Dominik Božikovic,Dominik Božikovic
ebdholland,ebdholland
Edward Stembler,Edward Stembler
Entropy - Graywalkers supernatural RPG,Entropy - Graywalkers supernatural RPG
ericinexile,ericinexile
Evan Fedeli,Evan Fedeli
fbouvot,fbouvot
Felix Ungman,Felix Ungman
Gensous,Gensous
Godewijn,Godewijn
helgraf dragon,helgraf dragon
Ian McNamee,Ian McNamee
Imban,Imban
InBadPlace,InBadPlace
Iván Rodriguez Perales,Iván Rodriguez Perales
James Critcher,James Critcher
Janis Skuja,Janis Skuja
Jared Mathes,Jared Mathes
jellarinn,jellarinn
Jens,Jens
Jerome Pigeot,Jerome Pigeot
Jessy Greenland,Jessy Greenland
Jim Weil,Jim Weil
Joao Carlos Bastos,Joao Carlos Bastos
John Faulkenbury,John Faulkenbury
John Loner,John Loner
john mcshane,john mcshane
John-James Watkins-Field,John-James Watkins-Field
Jon Orris,Jon Orris
Jonny Ree,Jonny Ree
Joseph Naberhaus,Joseph Naberhaus
Joshua Pudney,Joshua Pudney
Joshua Sawyer,Joshua Sawyer
Joshua Steele,Joshua Steele
Julian Nicolas Treichel,Julian Nicolas Treichel
Kamil Betke,Kamil Betke
Kelvin Saggers,Kelvin Saggers
Ken Capelli,Ken Capelli
korotama,korotama
Lars Larson,Lars Larson
larsson.ellen86,larsson.ellen86
Lovro Skiljic,Lovro Skiljic
Lucas Moura,Lucas Moura
Lyman Green,Lyman Green
Magnus Osterlind,Magnus Osterlind
Marco Pomes,Marco Pomes
Marti Ijn,Marti Ijn
Matthew Beckham,Matthew Beckham
Matthew McDonald,Matthew McDonald
Maus Merryjest AGL589,Maus Merryjest AGL589
Mean774,Mean774
Michael Heck,Michael Heck
Michael Reilly,Michael Reilly
Michael Writer,Michael Writer
Mike Oxoft,Mike Oxoft
Miles Franklin Hamaker,Miles Franklin Hamaker
MR JAMES GIBBON,MR JAMES GIBBON
Nadia M,Nadia M
Neil Allain,Neil Allain
Neil Lalonde,Neil Lalonde
Obsidian Razor,Obsidian Razor
Oscar Panic Rosales,Oscar Panic Rosales
Patrick Davies,Patrick Davies
Paul Frayne,Paul Frayne
peacedog,peacedog
Rambutaan,Rambutaan
Ranger Joe,Ranger Joe
Re-Miel,Re-Miel
Richard I,Richard I
Rikkles,Rikkles
Robert Kelley,Robert Kelley
Robert W,Robert W
Kist,Kist
Ronald Utter,Ronald Utter
Shalashaskka,Shalashaskka
Shane Stacks,Shane Stacks
Stefan Eckert,Stefan Eckert
Stephane Cotichini,Stephane Cotichini
Stephen Sheahan,Stephen Sheahan
SupremeHentaiSensei,SupremeHentaiSensei
Svetlin Balcanski,Svetlin Balcanski
thylordroot,thylordroot
Timo Bosma,Timo Bosma
Timo Varis,Timo Varis
Tobias Sundstrom,Tobias Sundstrom
Toby Jennings,Toby Jennings
Tyler Sigman,Tyler Sigman
ubersuss Zitrone,ubersuss Zitrone
Walter McInnis,Walter McInnis
Warren Schader,Warren Schader
Wesley Rast,Wesley Rast
Zar Ramos,Zar Ramos
FREEMAN TIER,FREEMAN TIER
A'ndrea Marcyniuk,A'ndrea Marcyniuk
AG,AG
Akseli Lahtinen,Akseli Lahtinen
Al Romaithi,Al Romaithi
Albert Gutowski,Albert Gutowski
Alex Hawkins,Alex Hawkins
Alexander Jeger,Alexander Jeger
Alexis White,Alexis White
Alf Seegert,Alf Seegert
Angus Faulkner,Angus Faulkner
Anthony C,Anthony C
Argyrios Poungouras,Argyrios Poungouras
Arild Grebstad,Arild Grebstad
Armisael,Armisael
Arthur B,Arthur B
Benjamin Kristensen,Benjamin Kristensen
Bernd Niemietz,Bernd Niemietz
Bernd Stapf,Bernd Stapf
Bernhard Bockelbrink,Bernhard Bockelbrink
Bertine Tonseth,Bertine Tonseth
Bill Steyert,Bill Steyert
bjohnson003,bjohnson003
Brandon Alessi,Brandon Alessi
Browncoat Jayson,Browncoat Jayson
Charles Wolfe,Charles Wolfe
Chris Brand,Chris Brand
Chris Goad,Chris Goad
Chris Rosneau,Chris Rosneau
cimerians,cimerians
conan edw,conan edw
DanEE,DanEE
danwinkler13,danwinkler13
dave.bowman.1950,dave.bowman.1950
David desJardins,David desJardins
deleted,deleted
Dietmar Maderbacher,Dietmar Maderbacher
Dirk Arnholt,Dirk Arnholt
Don Campbell,Don Campbell
Drew Merrithew,Drew Merrithew
edible_pants,edible_pants
Eli Tarnholm,Eli Tarnholm
Erwin Wolf,Erwin Wolf
Evgeniy Tyurkin,Evgeniy Tyurkin
Fabio Regis,Fabio Regis
Fermin Serena Hortas,Fermin Serena Hortas
Florent WAGNER,Florent WAGNER
furroy,furroy
Gabor Csomos,Gabor Csomos
Geoff Jones,Geoff Jones
Gus,Gus
HexCrawler,HexCrawler
hobotroid,hobotroid
htn-ks,htn-ks
Hugh Winwood-Smith,Hugh Winwood-Smith
Hunvagy,Hunvagy
Hyva Kalsium Lich,Hyva Kalsium Lich
Ivan Assen Ivanov,Ivan Assen Ivanov
James Kersey,James Kersey
James Porter,James Porter
Jamie Gallagher,Jamie Gallagher
Jamie Myland,Jamie Myland
Jan Jansen,Jan Jansen
jason.keglovitz,jason.keglovitz
jeff.gerber,jeff.gerber
Jeffrey A,Jeffrey A
Kline,Kline
Jens Boesebeck,Jens Boesebeck
Jens Leibig,Jens Leibig
Jeremy Browning,Jeremy Browning
Jim Reijers,Jim Reijers
Johan Robert Clement,Johan Robert Clement
Johnathan L Bingham,Johnathan L Bingham
Jon Wetterberg,Jon Wetterberg
Jonathan Ly Davis,Jonathan Ly Davis
joopy,joopy
Joseph Rogers,Joseph Rogers
Joshua Volpert,Joshua Volpert
Josselin Loizeau,Josselin Loizeau
Julia Minamata,Julia Minamata
Julien GONIN,Julien GONIN
Katja Boness,Katja Boness
Kelly,Kelly
Ken,Ken
Ken Cavanaugh,Ken Cavanaugh
Kenneth Phillips,Kenneth Phillips
Kieran Fallon,Kieran Fallon
Kjetil Engeset Bjorneset,Kjetil Engeset Bjorneset
Korkybuz,Korkybuz
Kyle Maxwell,Kyle Maxwell
Llew Mason,Llew Mason
Logan Talley,Logan Talley
MadBeard,MadBeard
Marcin Segit,Marcin Segit
Mark Harvey,Mark Harvey
Marshall Bockrath,Marshall Bockrath
Matthew Bongers,Matthew Bongers
Michael Leesch,Michael Leesch
Michael Mak,Michael Mak
Michael Schmidt,Michael Schmidt
Michael Smith,Michael Smith
Michal Krzyzosiak,Michal Krzyzosiak
Mickmils,Mickmils
Mike Litzinger,Mike Litzinger
Mikkel Lunnemann,Mikkel Lunnemann
Minoru Natsutani,Minoru Natsutani
Monkcrab,Monkcrab
Moritz Paulus,Moritz Paulus
Narakir Narakir,Narakir Narakir
Nathan Mangan,Nathan Mangan
Niall Rooney,Niall Rooney
Nicholas Mulherin,Nicholas Mulherin
Nick Wade,Nick Wade
Nigel Barrow,Nigel Barrow
Norihisa Jyounotuka,Norihisa Jyounotuka
O u,O u
Ole Ciliox,Ole Ciliox
Olivier Guinart,Olivier Guinart
PaoloSpaziosi,PaoloSpaziosi
Patrick LaBine,Patrick LaBine
Paul Buchholz,Paul Buchholz
Paul Leone,Paul Leone
Rabih Ghandour,Rabih Ghandour
Reapww,Reapww
Ricardo Olavarria Ginocchio,Ricardo Olavarria Ginocchio
Richard Zajic,Richard Zajic
Ridley,Ridley
Riftstone,Riftstone
Rob Rogan,Rob Rogan
Robert DiNicolas,Robert DiNicolas
Robert Gomez,Robert Gomez
Robert Noble,Robert Noble
Roberto A Rivera,Roberto A Rivera
Rodimus Prime,Rodimus Prime
Rodney Ruble,Rodney Ruble
Roman Kamyk,Roman Kamyk
Ryan Kent,Ryan Kent
Ryan P,Ryan P
S_R,S_R
Sami Tattari,Sami Tattari
Sammaho,Sammaho
Sarunas Salkauskas,Sarunas Salkauskas
Scott,Scott
Sean Branney,Sean Branney
Simon Dickie,Simon Dickie
Simon Hannaford,Simon Hannaford
Soren Lauridsen,Soren Lauridsen
Stefan Mothes,Stefan Mothes
Stephen McManus,Stephen McManus
Steven Whisken,Steven Whisken
StrangeCat,StrangeCat
Strateture,Strateture
Stuart Glass,Stuart Glass
Sven Rahmann,Sven Rahmann
Thomas Emmett,Thomas Emmett
Thomas Hjelm,Thomas Hjelm
Thomas Lockett,Thomas Lockett
Tom Beaumont,Tom Beaumont
Tommy P,Tommy P
Tony Manfredonia,Tony Manfredonia
Treefrog78,Treefrog78
Tristen Grant,Tristen Grant
undeniable_sausage,undeniable_sausage
Vadim Kejlin,Vadim Kejlin
Vedran Vrbanc,Vedran Vrbanc
Venron Hirokawa,Venron Hirokawa
Vorvek,Vorvek
Wade Freeman,Wade Freeman
waterelementals,waterelementals
Wayne Marsh,Wayne Marsh
Xi The 11th Weapon,Xi The 11th Weapon
Yesheel Naicker,Yesheel Naicker
RAW FURY,RAW FURY
Jonas Antonsson,Jonas Antonsson
Gordon Van Dyke,Gordon Van Dyke
David Martinez,David Martinez
Roland Smedberg,Roland Smedberg
Mia Sun,Mia Sun
Kjartan Freyr Jonsson,Kjartan Freyr Jonsson
Naseer Alkhouri,Naseer Alkhouri
Gerinda Meijerink,Gerinda Meijerink
Rasmus Liljenberg,Rasmus Liljenberg
Johan Toresson,Johan Toresson
Solveig Samuelsdottir,Solveig Samuelsdottir
Jeanette Bauer,Jeanette Bauer
Timothy Busby,Timothy Busby
Cristian Caileanu,Cristian Caileanu
Vladimir Kovac,Vladimir Kovac
Tomislav Gojevic,Tomislav Gojevic
Domagoj salkovic,Domagoj salkovic
Angelica Norgren,Angelica Norgren
Erika Karlberg,Erika Karlberg
Susie McBeth,Susie McBeth
Nicole De Bernardi,Nicole De Bernardi
Dimitrije Đokic,Dimitrije Đokic
Sven Farszky,Sven Farszky
Matejka Ivancic,Matejka Ivancic
Ivan Kresimir Imbrija,Ivan Kresimir Imbrija
Carly Shields,Carly Shields
Juliette Auverny-Bennetot,Juliette Auverny-Bennetot
Iris Stefansdottir,Iris Stefansdottir
Tonci Jukic,Tonci Jukic
Jacob Kroon,Jacob Kroon
Mai Dinh,Mai Dinh
Micki Woods <3,Micki Woods <3
QLOC S.A,QLOC S.A
General Manager,General Manager
Adam Piesiak,Adam Piesiak
Head of Business Development,Head of Business Development
Elena Roor,Elena Roor
Senior Business Development Manager,Senior Business Development Manager
Adrian Czerwinski,Adrian Czerwinski
Director of Quality Assurance,Director of Quality Assurance
Sergiusz Slosarczyk,Sergiusz Slosarczyk
QA Operations Manager,QA Operations Manager
Pawel Strzelczyk,Pawel Strzelczyk
Lead QA Project Manager,Lead QA Project Manager
Jakub Dudkowski,Jakub Dudkowski
QA Lab Managers,QA Lab Managers
Piotr Badurek,Piotr Badurek
Emil Lubowicki,Emil Lubowicki
Gabriela Malinowska,Gabriela Malinowska
Tomasz Prusicki,Tomasz Prusicki
Learning & Development Manager,Learning & Development Manager
Michal Raczynski,Michal Raczynski
Learning & Development Coordinator,Learning & Development Coordinator
Aleksandra Grigorian-Kopka,Aleksandra Grigorian-Kopka
Learning & Development Specialists,Learning & Development Specialists
Damian Jasinski,Damian Jasinski
Michal Kozakowski,Michal Kozakowski
QA Team Leader,QA Team Leader
Marcin Oprzadek,Marcin Oprzadek
QA Testers,QA Testers
Patryk Osowiecki,Patryk Osowiecki
Dawid Salamadry,Dawid Salamadry
Bosong Zhou,Bosong Zhou
IT Director,IT Director
Artur Szczurzynski,Artur Szczurzynski
vitality,vitalidad
HP,PG
Alerted,Alertado
Rabid Rat begun,Rata rabiosa iniciada
Immune,Inmune
Saved,Guardado
Gained,Ganados
XP!,XP!
Who’s there?,¿Quién está ahí?
It’s Roland,Es Roland
What’s all that noise?,¿Qué es todo ese ruido?
There is trouble and you’re needed on deck,Hay problemas y te necesitan en cubierta
Core 1.0.7d,Core 1.0.7d
Who’s there?,¿Quién está ahí?
It’s Roland,Es Roland
What’s all that noise?,¿Qué es todo ese ruido?
There is trouble and you’re needed on deck,Hay problemas y te necesitan en la cubierta
Let’s go,Vamos
#Bleeding,#Hemorragia
warrior,guerrero
Unlimited,Ilimitado
#Bleeding,#Hemorragia
Unlimited,Ilimitado
#Bleeding,#Hemorragia
Toggles the special ‘nostalgic UI’ that may remind you of classic RPG series we all know and love,Activa la «interfaz nostálgica» especial que puede recordarte a las series de RPG clásicas que todos conocemos y amamos
The skin of the dice being rolled during skill-tests,La piel de los dados que se lanzan durante las pruebas de habilidad
Spell Grimoire,Grimorio de hechizos
MAIN QUESTS,MISIONES PRINCIPALES
COMPLETED,COMPLETADAS
Factions,Facciones
Quests that have been completed,Misiones completadas
WAKING UP,EL DESPERTAR
"To gain spellcasting abilities, you must purchase ranks in the relevant (violet","Para obtener habilidades de lanzamiento de hechizos, debes comprar rangos en el (violeta"
Feat-tree,Feat-tree
More spells can be learned by studying spell-tomes that you acquire as you adventure,Más hechizos se pueden aprender mediante el estudio de hechizo-tomos que se adquieren a medida que la aventura
Champion Feats,Campeón Feats
"To gain spellcasting abilities, you must purchase ranks in the relevant (violet","Para obtener habilidades de lanzamiento de hechizos, debes comprar rangos en el (violeta"
Feat-tree,Feat-tree
More spells can be learned by studying spell-tomes that you acquire as you adventure,Más hechizos se pueden aprender mediante el estudio de hechizo-tomos que se adquieren a medida que la aventura
Champion Feats,Campeón Feats
"To gain spellcasting abilities, you must purchase ranks in the relevant (violet","Para obtener habilidades de lanzamiento de hechizos, debes comprar rangos en el árbol de proezas correspondiente (violeta"
Feat-tree,Feat-tree
More spells can be learned by studying spell-tomes that you acquire as you adventure,Puedes aprender más hechizos estudiando tomos de hechizos que adquieras durante tu aventura. tomos de hechizos que adquieres al aventurarte
Champion Feats,Proezas de Campeón
Learn 2 new spells from the Body Magic School,Aprendes 2 hechizos nuevos de la Escuela de Magia Corporal
TIER,TIER
Bear's Strength Cure Moderate Poison Minor Lay on Hands Serpent's Grace,Fuerza del Oso Cura Veneno Moderado Manos Atadas Menor Gracia de la Serpiente
Cure Moderate Disease Fleet of Foot Moderate Lay on Hands Lesser Regeneration Pestilence,Cura Enfermedad Moderada Flota de Pies Regeneración Moderada Manos Atadas Menor Pestilencia
Miasma Circle of Healing Greater Lay on Hands Greater Regeneration Corporeal Restoration,Círculo de Miasma de Curación Manos Atadas Mayor Regeneración Corporal Restauración
Learn 2 new spells from the Mind Magic School,Aprendes 2 hechizos nuevos de la Escuela de Magia Mental
Aura of Fear Clear Senses Fortify Awareness Fortify Will Instil Courage Sublime Projection,Aura de Miedo Sentidos Claros Fortalece Conciencia Fortalecer Voluntad Infundir Valor Proyección Sublime
Searing Light Heal Mind Holy Lance Stunning Touch Touch of Confusion,Luz Ardiente Sanar Mente Lanza Sagrada Toque Impactante Toque de Confusión
Hysterical Blindness Mental Restoration Stunning Aura,Ceguera Histérica Restauración Mental Aura Impactante
Learn 2 new spells from the Spirit Magic School,Aprende 2 nuevos hechizos de la Escuela de Magia Espiritual
Blessing Touch Mark of Heroism Hammer of Light Holy Light Touch of Condemnation,Toque de Bendición Marca de Heroísmo Martillo de Luz Luz Sagrada Toque de Condena
Heroic Aura Aura of Condemnation Aura of Silence Blessing Aura Touch of Weakness,Aura Heroica Aura de Condena Aura de Silencio Aura de Bendición Toque de Debilidad
Command of Paralyzation Holy Judgement Purge Magic,Orden de Paralización Juicio Sagrado Purgar Magia
Select a target for your Ability!,¡Seleccione un objetivo para su Habilidad!
Targets user,Usuario objetivo
Click anywhere to use ability!,Haz clic en cualquier lugar para usar la habilidad.
Select a target for your Maneuver!,Selecciona un objetivo para tu maniobra.
"If it’s the hedge maze you mean, just head west and then north","Si te refieres al laberinto de setos, dirígete al oeste y luego al norte."
Had to drag you out o’ there enough times,He tenido que sacarte a rastras de ahí bastantes veces
You pet the dog,Acaricias al perro
Sub-Quest Completed,Búsqueda adicional completada
Armand whafts the scent of the grilled sandwich towards his nose,Armand se acerca a la nariz el aroma del sándwich a la parrilla
"Ah, the crust of the bread, the softness of the cheese, the savoryness of the ham","Ah, la corteza del pan, la suavidad del queso, el sabor del jamón"
Perfection!,¡Perfección!
You shall indeed never again go hungry in the night,Nunca más volverás a pasar hambre por la noche
I say,Yo digo
I'm quite lost,Estoy bastante perdido
SIDE QUESTS,BUSQUEDAS ADICIONALES
Success,Éxito
Hard were the years that followed  the mercenary life is bloody and unforgiving,Duros fueron los años que siguieron la sangrienta e implacable vida como mercenario
Tome,Tomo
"31,0/280 lb","31,0/280 lb"
Learn,Aprender
TOME,TOMO
Read to learn the spell,Leer para aprender el hechizo
Requires ranks in one of the following schools,Requiere rangos en una de las siguientes escuelas
Tier,Nivel
Requires at least 1 rank in one of the following Attribute(s,Requiere al menos 1 rango en uno de los siguientes Atributo(s)
Cannot learn spell,No puede aprender un hechizo
Cannot learn spell,No puede aprender un hechizo
MINOR LAY ON HANDS,IMPOSICIÓN DE MANOS MENOR
Body Magic School Tier,Nivel Escuela de Magia Corporal
reaches Level,alcanza el nivel
Medium Club,Garrote Mediano
Listen here Basilo has a proposal for you!,"¡Escucha, Basilo tiene una propuesta para ti!"
My children,Mis hijos
Sell,Vender
Sell Stack,Vender pila
Vendor will pay you,El vendedor te pagará
for this,por esto
Wreck Picker (Vendor has 300 Gold,Recolector de restos (el vendedor tiene 300 de oro
Sell mult,Vender mult
Buy mult,Comprar mult
Suspicion,Sospecha
Restocks in 4 days,Reposición en 4 días
Sold for,Vendido por
Sold Scrimshaw for 1 Gold!,¡Vendí un scrimshaw por 1 oro!
Wreck Picker (Vendor has 299 Gold,Recolector de restos (el vendedor tiene 299 monedas de oro)
Sold Mug for 1 Gold!,¡Vendió una jarra por 1 moneda de oro!
Wreck Picker (Vendor has 298 Gold,Recolector de restos (el vendedor tiene 298 monedas de oro)
Medium Club,Maza mediana
You fail to scale the wall and fall down,No consigues escalar la pared y caes
reaches Level,alcanza el nivel
TWO-HANDED EXPERT,EXPERTO EN ARMAS A DOS MANOS
Confirm,Confirmar
Pick 2 new Body Magic School 1 spells to learn,Elige 2 nuevos hechizos de la Escuela de Magia Corporal 1 para aprender
Pick 1 new Body Magic School 1 spell to learn,Elige 1 nuevo hechizo de la Escuela de Magia Corporal 1 para aprender
You have selected the required spells and can proceed!,¡Has seleccionado los hechizos necesarios y puedes continuar!
Spell,Hechizo
Cost,Coste
Att,Ataque
Touch,Toque
Targets any ally adjacent to the caster,Ata a cualquier aliado adyacente al lanzador.
Targets any opponent or ally adjacent to the caster,Ata a cualquier oponente o aliado adyacente al lanzador.
#Blindness,#Ceguera
#Deafness,#Sordera
#Disease,#Enfermedad
#Stun,#Aturdimiento
#Paralysis,#Parálisis
#Asleep,#Sueño
#Poison,#Veneno
#Intoxicated,#Intoxicación
#Silenced,#Silencio
#Bleeding,#Hemorragia
Select a target!,¡Selecciona un objetivo!
Cast Spell,Lanzar hechizo
Giant Bat is occupied!,¡El murciélago gigante está ocupado!
Critical Backstab!!!,¡Puñalada trapera crítica!
Hat of Defence,Sombrero de defensa
Hat of Defence,Sombrero de defensa
HAT OF DEFENCE,SOMBRERO DE DEFENSA
Giant Leech is occupied!,¡La sanguijuela gigante está ocupada!
Crab is occupied!,¡El cangrejo está ocupado!
Giant Crab Disengages,El cangrejo gigante se retira.
Cannot fire in melee!,¡No se puede disparar en combate cuerpo a cuerpo!
Kat does not have a valid target!,¡Kat no tiene un objetivo válido!
Like I said gutting the bastard will go a long way towards setting things right,"Como dije, destripar al bastardo contribuirá en gran medida a arreglar las cosas."
only has a LORE score of,solo tiene una puntuación de CONOCIMIENTO de
Stars are birthed and die collapsing in on themselves in cataclysms that shake the very foundations of creation,Las estrellas nacen y mueren colapsando sobre sí mismas en cataclismos que sacuden los cimientos mismos de la creación.
#Afraid,#Miedo
Melee To Hit -2 Willpower,Cuerpo a cuerpo para golpear -2 Fuerza de voluntad
Roll a successful Willpower Saving Throw vs DC 10 at end of each turn to remove,Haz una tirada de salvación de Fuerza de voluntad contra CD 10 al final de cada turno para eliminar.
Status Tag,Etiqueta de estado
DC,CD
Wreck Picker (Vendor has 297 Gold,Recolector de restos (el vendedor tiene 297 monedas de oro).
Sold Fishing Hook for 1 Gold!,¡Vendido anzuelo por 1 moneda de oro!
Wreck Picker (Vendor has 296 Gold,Recolector de restos (el vendedor tiene 296 monedas de oro
Sold Cracked Wine Jug for 1 Gold! 2 Cracked Wine Jug remaining,¡Vendió una jarra de vino agrietada por 1 moneda de oro! Quedan 2 jarras de vino agrietadas
Wreck Picker (Vendor has 295 Gold,Recolector de restos (el vendedor tiene 295 monedas de oro
Sold Cracked Wine Jug for 1 Gold! 1 Cracked Wine Jug remaining,¡Vendió una jarra de vino agrietada por 1 moneda de oro! Queda 1 jarra de vino agrietada
Wreck Picker (Vendor has 294 Gold,Recolector de restos (el vendedor tiene 294 monedas de oro
Sold Cracked Wine Jug for 1 Gold!,¡Vendió una jarra de vino agrietada por 1 moneda de oro!
Wreck Picker (Vendor has 293 Gold,Recolector de restos (El vendedor tiene 293 monedas de oro.
This item can't be traded,Este objeto no se puede intercambiar.
Buy,Comprar.
Steal,Robar.
Vendor wants,El vendedor quiere.
Wreck Pic,Recolector de restos.
must roll,debe tirar los dados.
Foggy Dusk,Atardecer brumoso.
is too hungry to work,tiene demasiada hambre para trabajar.
Overcast Dusk,Atardecer nublado.
Mold Chil,Moho Chil.
Disengages,se retira.
Select a Spell to cast,Selecciona un hechizo para lanzar.
Select a target to use ability!,¡Selecciona un objetivo para usar la habilidad!
Select a target for your SPELL!,¡Selecciona un objetivo para tu HECHIZO!
Fog and Rain Dusk,Atardecer con niebla y lluvia.
Ring,Anillo
Crafted 1 Farmer's Omelette,Elaborado 1 Tortilla del granjero
farmer's omelette,Tortilla del granjero
Crafted 2 Farmer's Omelette,Elaborado 2 Tortilla del granjero
Pick 2 new Spirit Magic School 1 spells to learn,Elige 2 nuevos hechizos de la Escuela de Magia Espiritual 1 para aprender.
Pick 1 new Spirit Magic School 1 spell to learn,Elige 1 nuevo hechizo de la Escuela de Magia Espiritual 1 para aprender.
Positive Condition,Condición positiva
Dodge +1 Melee To Hit +1 Ranged To Hit +1 Toughness +1 Willpower,Esquivar +1 Golpear en combate cuerpo a cuerpo +1 Golpear a distancia +1 Resistencia +1 Fuerza de voluntad.
Lasts until end of combat,Dura hasta el final del combate.
Targets any opponent adjacent to the caster,Ata a cualquier oponente adyacente al lanzador.
Deals 4-8 (+Magical Aptitude,Inflige 4-8 (+Aptitud mágica
#Invisible,#Invisible
FAILED,FALLIDO
Roland reaches Level,Roland alcanza el nivel
Out of ammo!,¡Sin munición!
Kat is out of ammo!,¡Kat se queda sin munición!
Kat Defends,Kat defiende
Roland Defends,Roland defiende
Reaver recovers from surprise!,¡Reaver se recupera de la sorpresa!
Reaver is occupied!,¡Reaver está ocupado!
is occupied!,está ocupado!
QUICK_SAVE,QUICK_SAVE
Quick_Save,Quick_Save
Kat Defends,Kat Defiende
Roland Defends,Roland Defiende
Reaver recovers from surprise!,¡Reaver se recupera de la sorpresa!
Reaver is occupied!,¡Reaver está ocupado!
Roland is occupied!,¡Roland está ocupado!
Reaver Disengages,Reaver se retira
Accurate Masterwork Shortbow,Arco corto de precisión Obra Maestra
ACCURATE MASTERWORK SHORTBOW,ARCO CORTO DE PRECISIÓN
Out of ammo!,¡Se queda sin munición!
Kat is out of ammo!,¡Kat se queda sin munición!
Kat is occupied!,¡Kat está ocupada!
Curses!!,¡Maldición!
Leap,Salto
You leap and instantly realize you've misjudged the distance,Saltas e instantáneamente te das cuenta de que has calculado mal la distancia
You plummet onto the rocks below,Caes en picado sobre las rocas de abajo
Unconscious,Inconsciente
is not conscious,no es consciente
You must select a conscious character to act!,¡Debes seleccionar un personaje consciente para actuar!
Spider Cr,Cangrejo Araña
Spider Crab recovers from surprise!,¡Cangrejo Araña se recupera de la sorpresa!
Spider Crab Defends,Cangrejo Araña se defiende
Spider Crab Disengages,Cangrejo Araña se desengancha
Spider Crab is occupied!,¡Cangrejo Araña está ocupado!
Roland is too hurt to force a lock,Roland está demasiado herido para forzar un bloqueo
Rot Crab recovers from surprise!,Cangrejo Putrefacto se recupera de la sorpresa!
Can't reach target!,¡No puede alcanzar al objetivo!
does not have a valid target!,no tiene un objetivo válido!
Defends,se defiende
Acid Damage,Daño Ácido
Rot Crab is occupied!,¡Cangrejo putrefacto está ocupado!
Shifting,Se desplaza
Shifts,Se desplaza
Roland holds his action,Roland mantiene su acción
Kat Disengages,Kat se desplaza
Roland must roll,Roland debe tirar
You can only manage your party if resting in a comfortable camp or lodgings,¡Sólo puede manejar a su grupo si descansa en un campamento o alojamiento confortable
Find bed or an inn!,Encuentra cama o posada!
redman,redman
lemons,lemons
is too heavily wounded to work,está demasiado herido para trabajar
Kat fletched,Kat lanza
arrow!,flecha!
Roland found,¡Roland encontró
ration!,ración!
#Disease,#Enfermedad
Spider Cr,Cangrejo Araña
Kat Defends,Kat se defiende
Spider Crab recovers from surprise!,¡Cangrejo Araña se recupera de la sorpresa!
Roland Disengages,Roland se desengancha
Shield of Defence,Escudo de Defensa
Shield of Defence,Escudo de Defensa
SHIELD OF DEFENCE,ESCUDO DE DEFENSA
rounds of oxygen remaining,rondas de oxígeno restante
FATE OF THE SANTA FURY,DESTINO DE LA SANTA FURIA
Overcast Dawn,Amanecer nublado
Got work for me?,¿Tienes trabajo para mí?
Hire,Contratar
Do you wish to hire this mercenary for 300 gold?,¿Deseas contratar a este mercenario por 300 de oro?
A mercenary is a blank character that you get to create from scratch and add to your party,Un mercenario es un personaje en blanco que puedes crear desde cero y añadir a tu grupo
This recipe requires the following ingredients,Esta receta requiere los siguientes ingredientes
You have now learned how to make this recipe,Ya has aprendido a hacer esta receta
You can’t afford to hire this mercenary at the moment,No puedes permitirte contratar a este mercenario en este momento
"Taking a running start, you leap","Tomando carrerilla, das un salto"
You make it and fall heavily into a roll as you land,Lo consigues y caes pesadamente rodando al aterrizar
Giant Crab recovers from surprise!,¡Cangrejo Gigante se recupera de la sorpresa!
Giant Crab is occupied!,¡Cangrejo Gigante está ocupado!
Fell Houn,Sabueso Caído
Shifts,¡Cambia
Dire Hound recovers from surprise!,Sabueso feroz se recupera de la sorpresa!
Shifts,Shifts
Defends,Defiende
#Disease,#Enfermedad
Lights as you've never seen; like those sailors from the high north talk of,Luces como nunca has visto; como esas de las que hablan los marineros del alto norte
Do I hear chanting up ahead?,¿Oigo cánticos ahí delante?
sylver,sylver
reticular,reticular
Dire Rat recovers from surprise!,¡Rata Peligrosa se recupera de la sorpresa!
Crafted 1 Potion of Cure Disease,Elaborada 1 Poción de Cura de Enfermedad
Accurate Fine Waraxe,Hacha de guerra fina de precisión
ACCURATE FINE WARAXE,Hacha de guerra fina y precisa
Medium Axe,Hacha mediana
Axes Weapons can't be equipped by this Class,Las armas hacha no pueden ser equipadas por esta clase.
"From the center of the three, The Santa Fury made her flight","Desde el centro de los tres, La Santa Furia emprendió su vuelo"
HEALING 5+,CURA 5+
A HEALING score of 5 or higher is required to succeed,Se requiere una puntuación de CURA de 5 o superior para tener éxito
Healing (,Curación (
beats Difficulty (,supera la Dificultad (
has a HEALING score of,tiene una puntuación de CURA de
only has a LORE score of,sólo tiene una puntuación de LORE de
Resistant,Resistente
Disengages,Desenganchar
Criticals,Critico
Battlemagos Feats,Habilidades Battlemagos
Learn 2 new spells from the Air Magic School,Aprende 2 nuevos hechizos de la Escuela de Magia del Aire
Blink Mark of Blurring Magic Missile Steal Breath,Parpadeo Marca de Borrosidad Misil Mágico Robar Aliento
Blinding Bolt Mark of Haste Purge Invisibility,Rayo Cegador Marca de Prisa Purgar Invisibilidad
Dispel Magic Mark of Invisibility Lightning Strike Poisoned Globe,Disipar Magia Marca de Invisibilidad Golpe Relámpago Globo Envenenado
Learn 2 new spells from the Earth Magic School,Aprende 2 nuevos hechizos de la Escuela de Magia de la Tierra
Arcane Shockwave Mark of Lethargy Summon Vermin Swarm of Gnats,Onda Arcana de Choque Marca de Letargo Invocar Alimaña Enjambre de Mosquitos
Mass Lethargy Stoneskin Summon Giant Insect,Letargo Masivo Piel de Piedra Invocar Insecto Gigante
Breath Glass Diamond Form Summon Ooze,Aliento Cristal Forma de Diamante Invocar Limo
Learn 2 new spells from the Fire Magic School,Aprende 2 nuevos hechizos de la Escuela de Magia del Fuego Puños Llameantes Guerrero del Fuego Marca de Iluminación Latigazo Ardiente Aura de Resistencia al Fuego Invocar Magmite Bola de Fuego Frenesí de Fuego Infernal Escuela de Magia de Fuego
Aura of Flame Flaming Fists Fire Warrior Mark of Illumination,Aura de Llamas Puños Llameantes Guerrero de Fuego Marca de Iluminación
Searing Lash Aura of Fire Resistance Summon Magmite,Latigazo Ardiente Aura de Resistencia al Fuego Invocar Magmita
Fireball Fire Frenzy Inferno,Bola de Fuego Frenesí de Fuego Infierno
TOUCHED BY THE RETICULUM,TOCADO POR EL RETICULO
Pick 2 new Fire Magic School 1 spells to learn,Elige 2 nuevos hechizos de la Escuela de Magia de Fuego 1 para aprender
Pick 1 new Fire Magic School 1 spell to learn,Elige 1 nuevo hechizo de la Escuela de Magia de Fuego 1 para aprender
Targets the character themself,Apunta al propio personaje
Lasts until end of turn,Dura hasta el final del turno
Aura,Aura
Targets all opponents and allies in the Aura target area,Apunta a todos los oponentes y aliados en el área objetivo del Aura
Targets any opponent or ally anywhere on the battlefield,Apunta a cualquier oponente o aliado en cualquier parte del campo de batalla
Pick 2 new Fire Magic School 2 spells to learn,Elige 2 nuevos hechizos de la Escuela de Magia de Fuego 2 para aprender
Targets any tile anywhere on the battlefield,Apunta a cualquier ficha en cualquier lugar del campo de batalla
Summons one of the following creatures in each target area tile,Invoca a una de las siguientes criaturas en cada ficha del área objetivo
Pick 1 new Fire Magic School 2 spell to learn,Elige 1 nuevo hechizo de la Escuela de Magia de Fuego 2 para aprender
Line,Línea
Targets all opponents and allies in the Line target area,Apunta a todos los oponentes y aliados en el área objetivo de la Línea
