original,translate,
#General,#General,
Quest Started,Quest Started,
Side Quest Started,Side Quest Started,
Sub-Quest Started,Sub Quest Started,
Quest Completed,Quest Completed,
Side Quest Completed,Side Quest Completed,
Sub-Quest Completed,Sub Quest Completed,
Quest Failed,Quest Failed,
Side Quest Failed,Side Quest Failed,
Sub-Quest Failed,Sub Quest Failed,
MAIN QUESTS,MAIN QUESTS,
SIDE QUESTS,SIDE QUESTS,
COMPLETED,COMPLETED,
FAILED,FAILED,
Success,Success,
Failed,Failed,
Main quests that have not yet been completed,Main quests that have not yet been completed,
Side-quests that have not yet been completed,Side quests that have not yet been completed,
Quests that have been completed,Quests that have been completed,
Quests that have failed,Quests that have failed,
# Tilde Sub Quests,# Tilde Sub Quests,
~ The Summoning Chamber,~ The Summoning Chamber,
~ Down Below,~ Down Below,
~ Salts of Elthanyr,~ Salts of Elthanyr,
~ Eat!,~ Eat!,
~ The Surprise,~ The Surprise,
~ The Brewer,~ The Brewer,
~ The Cook,~ The Cook,
~ The Weaver,~ The Weaver,
~ To the Tower,~ To the Tower,
~ Shrine of Agility,~ Shrine of Agility,
~ Shrine of Fortitude,~ Shrine of Fortitude,
~ Shrine of Intellect,~ Shrine of Intellect,
~ Shrine of Presence,~ Shrine of Presence,
~ Shrine of Strength,~ Shrine of Strength,
~ Talk to Markus,~ Talk to Markus,
~ Talk to Drahl,~ Talk to Drahl,
~ The Secret Tunnel,~ The Secret Tunnel,
~ The Queen's Request,~ The Queen's Request,
~ Mouths to Feed,~ Mouths to Feed,
~ Outbreak,~ Outbreak,
~ Hidden Clues,~ Hidden Clues,
~ Buried Secrets,~ Buried Secrets,
~ An Evening Meal,~ An Evening Meal,
~ The Hedge Maze,~ The Hedge Maze,
#Main Quests,#Main Quests,
A Twilight Meeting,A Twilight Meeting,
I’ve been summoned to the estate of the lord Cato Berryn,I’ve been summoned to the estate of Lord Cato Berryn,
My father’s old patron,my father’s old patron,
"Though I grew up here, I’ve not been back for decades due to the unfortunate manner in which my father left the service of House Berryn","Though I grew up here, I’ve not been back for decades due to the unfortunate manner in which my father left the service of House Berryn",
I do not know why Cato summons me now and I must venture to find out,"I do not know why Cato summons me now, and I must venture to find out",
The lord Berryn has tasked me to find his daughter,The lord Berryn has tasked me with finding his beloved daughter,
"My childhood friend, Embal","my childhood friend, Embla",
Rescue Embla,Rescue Embla,
"My father's old patron, Lord Cato Berryn, has tasked me to rescue his daughter from the island of Idra","My father's old patron, Lord Cato Berryn, has tasked me with rescuing his daughter from the island of Idra",
She was last seen in the city of Horryn and I must search for clues as to her fate,She was last seen in the city of Horryn and I must search for clues to her ultimate fate,
I found Embla in the town of Horryn,I found Embla in the town of Horryn,
Events have conspired however to make it impossible to return to the mainland,Unfortunate events have conspired that make it impossible to return to the mainland,
Instead we must venture to end the madness that has engulfed the region,"I will have to go forwards to go back, instead venturing to seek out and end the madness that has engulfed the region",
This quest has failed,This quest has failed,
Refugees of Horryn,Refugees of Horryn,
"Marcus the Chamberlain, the de-facto leader of the refugees, has pleaded with me to help the camp","Marcus the Chamberlain, de facto leader of the refugees, has pleaded with me to help the camp",
Food is running low and he’s requested I talk to Frantzo,their stores of food are running low; he’s requested I talk to Frantzo regarding the matter,
There is also a disease outbreak in camp and I should talk to Drahl the cleric about that,"Further adding to their plight, an outbreak of some pernicious disease has begun to spread throughout the camp. Drahl the Cleric may be able to shed further light on it",
Both can be found in the camp,Both can be found within in the camp proper,
I’ve done what I can for the camp and the refugees have certainly been given a fighting chance,"I’ve done what I can for the camp and its refugees for now, and its inhabitants have certainly been given a fighting chance at survival",
Mouths to Feed,Mouths to Feed,
"Frantzo, the camp’s cook and de-facto quartermaster, needs me to find food supplies for the refugees","Frantzo, the camp’s cook and quartermaster by circumstance, needs me to find food supplies for the refugees",
He needs a large supply of it and soon as people have begun dying from starvation,He needs a large supply of it as soon as is reasonably possible. The weak and infirm have already begun to depart from this realm from starvation,
I’ve provided the Frantzo with the food he needs to keep the refugees fed for the foreseeable future,I’ve managed to provide Frantzo with the requisite food needed to feed the refugees for the foreseeable future,
Jakub's Goats,Jakub's Goats,
Frantzo suggests looking into the farmer’s missing herd of goats,Frantzo suggests looking into the farmer’s missing herd of goats,
He suspects the farmer hid them away to keep them from being eaten by starving refugees,He suspects the farmer slipped them away into hiding to prevent them being set upon by packs of ravenous and famished refugees,
Bring the Goats to Camp,Bring the Goats Back to Camp,
I found Jakub's hidden goats up in a secluded mountain glen,I found Jakub's hidden goats up in a secluded mountain glen,
Now I must bring the herd of goats to the refugee camp,"Now, I must bring the herd of goats to the refugee camp",
If I don't get Jakub to agree first there may be consequences,"If I'm unable to convince Jakub to allow the goats to be returned before proceeding, there may unknown ramifications",
Convince Jakub,Convince Jakub,
Perhaps I should talk to Jakub and see if convince him to let me bring the goats back to camp,It may be prudent to first speak with Jakub to see if he can be convinced to allow the goats to be returned to camp,
"Jakub, the Idran goat farmer, has come to his senses and agreed to let me bring the goats to camp so they can be eaten","Jakub, the Idran goat farmer, has at last come to his senses and agreed to let me bring the goats to camp so they can be eaten",
He asks that I go and help his son,He asks that I go and help his son,
Return to Frantzo,Return to Frantzo,
I must return to Frantzo and tell him that I've brought Jakub's goats to camp,I must return to Frantzo and inform him of the good news: that I've brought Jakub's goats to camp,
Search for the Goats,Search for the Goats,
I need to start by looking for a clue as to where the herd could be located,I need to start by looking for a clues to determine where the herd could be located,
An Alternate Supply,An Alternate Supply,
Look for an alternate solution to the food-crisis in the refugee camp,Look for an alternate solution to the food crisis in the refugee camp,
Sea's Bounty,Sea's Bounty,
The quartermaster of the Weathermaiden has enough food-supplies to feed the refugee camp,The quartermaster of the Weathermaiden has enough food supplies to feed the refugee camp,
The downside is it will cost me 500 pieces of gold,The downside being that it will cost me 500 pieces of gold,
I’ve acquired the food-supplies needed to feed the refugees,I’ve now acquired the food supplies needed to feed the refugees,
Now all that remains is to return to Frantzo and tell him the good news,Now all that remains is to return to Frantzo and tell him the good news,
Outbreak,Outbreak,
"There is an outbreak in camp and the aged cleric, Drahl, has asked me to help him look for a cure","Famine and pestilence besets the camp. The aged cleric, Drahl, has his hands constantly full treating those that require his immediate and constant attention; thus he asked myself to aid him in this matter, and seek out a cure",
He suggests I start by talking to Hannah,He suggests I start by talking to Hannah,
The mother of a sick child who appears to have a suggestion for a cure,the mother of a sick child who may have information regarding a potential cure,
She can be found in a cottage south of camp,She can be found in a cottage south of camp,
I provided Drahl with a cure for the outbreak and it appears to be having the intended effect,I provided Drahl with a cure for the outbreak and it appears to be having the intended effect,
A Mother's Love,A Mother's Love,
A young mother in the refugee camp has pleeded with me to help save her child,A young mother in the refugee camp has pleaded with me to help save her darling and only child,
The boy's fallen ill and she begs me to seek out an old crone living in the forest in the islands interior,"Leaning over the body, you spot that not all was as it first seemed, thin strands of some bizarre purplish fungal growth protruding from the man's mouth and nose",
She would know how to help,She would know how to help,
"Though the old woman had gone insane, I was able to get medicine for the child","Though the old woman is clearly quite mad, she proved to be intimately familiar with the healing properties of flora and fauna; when the information could be pried out of the old bat, at least. I managed to convince her to part with medicine for the sickly child",
I was unable to get medicine for Hannah in time,I was unable to get medicine for Hannah in time,
Both mother and child passed,Both mother and child have passed away,
"Having gotten his medicine, Hannah's boy is looking better already","Having gotten his medicine, Hannah's boy is looking better already",
The Un-Born,The Unborn,
Mother Katak will help with the outbreak in camp,Mother Katak will help with the outbreak in the camp,
"To make medicine she has asked me to find ""the un-born of the scaled ones""","To make the medicine, she has asked me to find ""the unborn of the scaled ones""",
"Apparently they dwell nearby: ""north of the great oak and past the fetid pools""","Apparently they dwell nearby: ""north of the great oak and past the fetid pools""",
THE UN-BORN,THE UNBORN,
"To make medicine she has asked me to find ""the un-born of the scaled ones","To make medicine she has asked me to find ""the unborn of the scaled ones",
"Apparently they dwell nearby: ""north of the great oak and past the fetid pools","Apparently they dwell nearby: ""north of the great oak and past the fetid pools",
I recovered eggs from a pack of giant lizards and delivered them to the mad old hag,"I recovered some eggs from a pack of giant lizards and delivered them to the mad, old hag",
You need to find 1 GiantLizardEgg,You need to find 1 GiantLizardEgg,
You found GiantLizardEgg!,You found GiantLizardEgg!,
The Eternity Gate,The Eternity Gate,
I find myself naked and alone in the darkness,I find myself naked and alone in the darkness,
I can only surmise I am inside the strange structure that we found underneath the Black Priory,I can only surmise I am inside the strange structure that we found underneath the Black Priory,
Truly this is a place where no mortal foot was ever meant to tread,Truly this is a place where no mortal foot was ever meant to tread,
I am undone,I am utterly undone,
Dust in an endless void,Dust in an endless void,
This will be my final entry,This will be my final entry,
The Zephyr,The Zephyr,
"I need to investigate what is happening with ""The Zephyr","I need to investigate what is happening with ""The Zephyr",
A mutiny had broken out as the crew refused to bring the ship closer to Idra,A mutiny had broken out as the crew refused to bring the ship closer to Idran shore,
They claimed the island was cursed,They claimed the island was cursed,
"The zephyr was sunk by a terrible, un-namable creature of the deep","The Zephyr was sunk by a terrible, unnamable creature of the deep",
Plateau of Madness,Plateau of Madness,
The Cabal expedition landed at the mining-village of Adler’s Helm,The Cabal expedition landed at the mining village of Adler’s Helm,
I suspect we can find a way to ascend to the interior plateau on Gradla if we follow their trail to Adler's Helm and beyond,I suspect that we can find a way to ascend to the interior plateau on Gradla should we follow their trail to Adler's Helm and beyond,
"Following the ancient stairs discovered by the miners of Adler’s Helm, we have reached the interior plateau","Following the ancient stairs discovered by the miners of Adler’s Helm, we have reached the interior plateau",
The Priory lies within reach,The Priory at long last lies within reach,
Retaking Horryn,Retaking Horryn,
"To retake Horryn, we must kill the three Reaver chiefs that occupy the city","To retake Horryn, the Reaver chieftains that occupy the city must be dealt with",
"The three are know as Oleg the Gray, Queen Kala and the Butcher","The three are know as Oleg the Grey, Queen Kala, and the Butcher",
Iben cautions that the threesome is fierce and that we might use cunning and use their infighting to our advantage,"Iben cautions that the trifecta is fierce, so we might use cunning to take advantage of their infighting and use it against them",
Oleg the Gray,Oleg the Grey,
Dead Queen Kala,Dead Queen Kala,
Dead The Butcher,Dead The Butcher,
Dead,Dead,
Alive,Alive,
Alive The Butcher,Alive The Butcher,
Alive Queen Kala,Alive Queen Kala,
We have retaken the outer city,We have retaken the outer city,
STORMING THE KEEP,STORMING THE KEEP,
Storming the Keep,Storming the Keep,
"Though we have liberated the outer city, Horryn’s keep remains in the possession of the Reavers","Though we have liberated the outer city, Horryn’s keep remains in the possession of the Reavers",
The keep is well protected from a frontal assault so we need to look for an alternate entrance,"The keep is well protected from a frontal assault, so we need to look for an alternate entrance",
I successfully infiltrated the keep and slew the foul creature known as “Father,I successfully infiltrated the keep and slew the foul creature known as “Father,
The Secret Tunnel,The Secret Tunnel,
Hierophant Drahl believes a secret tunnel exists that connects the keep to the crypts underneath the temple,Hierophant Drahl believes a secret tunnel exists that connects the keep to the crypts underneath the temple,
The sacred crypts of the Sepulchites can be accessed from within the temple,The sacred crypts of the Sepulchites can be accessed from within the temple,
"Drahl suspects that if a secret tunnel does indeed exist, it probably lies in the deeper sections of the crypts","Drahl suspects that if a secret tunnel does indeed exist, it likely lies in the deeper sections of the crypts",
"Though the crypt was overrun by foul undead creatures, we did indeed find the secret tunnel","Though the crypt was overrun by foul undead creatures, we did indeed find the secret tunnel",
Talk to Drahl,Talk to Drahl,
"According to Markus, Hierophant Drahl might know of a secret entrance into the keep","According to Markus, Hierophant Drahl might know of a secret entrance into the keep",
The Hierophant can be found in front of the newly liberated temple,The Hierophant can be found in front of the newly liberated temple,
I met and talked to the Hierophant,I met and talked to the Hierophant,
TALK TO MARKUS,TALK TO MARKUS,
Talk to Markus,Talk to Markus,
I’ve been told to meet Markus the Chamberlain at the inn that lies west of the city square in Horryn,I’ve been told to meet Markus the Chamberlain at the inn that lies west of the city square in Horryn,
I suspect he has an idea about how to pierce the keep's defences,I suspect he has an idea about how to pierce the keep's defences,
I found and talked to Markus,I found and talked to Markus,
Untold Eons,Untold Eons,
"We’ve penetrated the dungeons that lay beneath the Black Priory and entered into the black, timeless realms beyond","We’ve penetrated the dungeons that lay beneath the Black Priory and entered into the black, timeless realms beyond",
Now it remains to be seen what untold secrets have lain hidden for so long,Now it remains to be seen what untold secrets have lain hidden for so long,
We found what the Cabal was excavating underneath the Priory,We found what the Cabal was excavating underneath the priory,
By the Golden how I wish we had let it lie in peace,"By the Golden, how I wish we had let it lie in peace",
I fear there is no salvation for us now,I fear there is no salvation for us now,
The Priory Opens,The Priory Opens,
We’ve entered the Black Priory,We’ve entered the Black Priory,
"Whatever secrets the Cabal expedition found here, I suspect they lay beneath the priory","Whatever secrets the Cabal expedition found here, I suspect they lay beneath the priory",
We must find a way to enter the dungeon below,We must find a way to enter the dungeon below,
We have breached the lower level of the priory,We have breached the lower level of the priory,
To Sleep and Dream,To Sleep and Dream,
The secrets of the Priory are within reach,The secrets of the Priory are within reach,
We must navigate the catacombs and reach the great secret that lies at its heart,We must navigate the catacombs and reach the great secret that lies at its heart,
May the Dead save us,May the Dead save us,
The secrets of this place are far deeper and more ancient than any of us could have guessed,The secrets of this place are far deeper and more ancient than any could have imaged,
We descend now into a darkness from which I fear we’ll never re-emerge,"Embla and I descend now, into a darkness from which I fear we’ll never re-emerge",
Upon Black Seas,Upon Black Seas,
I rescued Embla but we find that there is no way to return to the main-land whilst the Outer Isles is engulfed in this madness,"I rescued Embla, but we find that there is no way to return to the mainland whilst the Outer Isles is engulfed in this madness",
Embla is convinced the calamity is somehow caused by the discovery of an ancient site known as “The Black Priory” on the island of Gradla,"Embla is convinced the calamity is somehow caused by the discovery of an ancient site known as “The Black Priory”, on the island of Gradla",
Gradla is located to the north of Idra and we must find a ship and crew willing to take us there,Gradla is located to the north of Idra and we must find a ship and crew willing to take us there,
Gradla is within sight,Gradla is within sight,
Now we must make landfall and seek a way to reach the inland plateau,Now we must make landfall and seek a way to reach the inland plateau,
#Side Quests,#Side Quests,
The Boar's Medicine,The Boar's Medicine,
Kydeon asked me fetch a bottle of brandy from the wine cellar under the kitchen after I talk to Lyra,Kydeon asked me fetch a bottle of brandy from the wine cellar under the kitchen after I talk to Lyra,
The old boar will sleep soundly tonight,The old boar will sleep soundly tonight,
M' damn knees are acting up again,My blasted knees are actin' up again,
Can't hardly sleep on account of the aches,"Can 'ardly sleep, wot with all the achin'",
"Let me tell you, I'd take an arrow in the leg any day","I'll tell you somethin', I'd take an arrow in the eye any day of the week",
"If you're going over to the kitchen later for a bit of grub, a bottle of brandy from the wine-cellar would make me a happy man!","If you're gonna go to the kitchen later for a bit o' grub, pick us up a bottle of brandy from the wine-cellar, would ya? I'd be all the merrier for it, and bloody grateful, too!",
Kydeon shifts as if to emphasize his stiff knees,Kydeon shifts as if to emphasise the stiffness in his arthritic knees,
Ha!,Ha!,
That's some fine foraging young whelp!,"That's some fine foraging, young whelp!",
"Before you can get a word in, Kydeon snatches the bottle, uncorks it and drinks deeply","Before you can open your mouth. Kydeon snatches the bottle, pops out the cork, tips back his head and takes a lengthy swig",
"The old man, eyes closed in relief, lets out a deep sigh","Closing his eyes having been granted this momentary reprieve, the old man lets out a contented sigh",
May your sleep be dreamless,May your sleep be dreamless,
he speaks as if to himself,"he speaks, unwittingly thinking out loud",
The Cellar,The Cellar,
Look for your father in the cellar under the kitchen,Look for your father in the cellar under the kitchen,
You found your father,You found your father,
The Beast in the Hearth,The Beast in the Hearth,
Lyra has betted with me to see if I can sneak into the hearth of the villa and confront the 'beast' that hides there,"Lyra has made a wager with me, to see if I can sneak into the hearth of the villa and confront the “beast” that hides there",
I won our wager and snuk into the hearth,"I won our bet, successfully sneaking into the hearth",
There I met a mercenary by the name or Roland Greyeye,There I met a mercenary by the name of Roland Greyeye,
I failed to sneak into the hearth,"I failed to sneak into the hearth, losing the bet; and a little pride in the process",
Exploring the Grounds,Exploring the Grounds,
"While I wait for the Lord Berryn to become available, I should look for some food and perhaps walk the gardens and hedge maze before I check back in with Lyra again","While I wait for the Lord Berryn to become available, I should look for some food and perhaps take a stroll through the gardens and the hedge maze before I check back in with Lyra again",
The lord of House Berryn is ready for me now,The lord of House Berryn is ready for me now,
An Evening Meal,An Evening Meal,
I have been ordered to go procure a meal for myself from the kitchen as there is no saying how long I will be waiting,"I have been ordered to go and procure a meal for myself from the kitchen, as there is no saying how long I shall be kept waiting",
I should talk to the chef,I should talk to the chef,
Chef Armand taught me to make his famous melted cheese sandwiches,Chef Armand taught me to make his famous melted cheese sandwiches,
"Surely, old Magda cries in the tomb at what her kitchen has come to","Surely, old Magda cries in the tomb at what her kitchen has come to",
Chef Armand has offered to teach me how to make his famous cheese sandwich,Chef Armand has offered to teach me how to make his famous cheese sandwich,
For starters I have to fetch cheddar cheese and cured ham from the cellar under the kitchen,"For starters, I have to fetch cheddar cheese and cured ham from the kitchen cellar",
My suggestion is thusly,My suggestion is thus,
"Whilst I stoke the fire, you run down in the pantry and fetch some cured ham and cheddar cheese","Whilst I stoke the fire, you run down in the pantry and fetch some cured ham and cheddar cheese",
I will then teach you how to cook my renowned melted cheese sandwich and you shall never want for an evening meal for as long as you live!,"Upon your return, I will teach you how to cook my renowned melted cheese sandwich; you shall never want for an evening meal for as long as you live!",
The Hedge Maze,The Hedge Maze,
Lyra suggests I should explore the hedge-maze in the villa grounds while I wait for master Cato to become ready,Lyra suggests I should explore the hedge maze in the villa grounds while I wait for master Cato to become ready,
"You managed to find ""Embla"" in the maze","You managed to find ""Embla"" in the maze",
A Deeper Dark,A Deeper Dark,
One of the lighthouse keepers went mad and killed himself after dreaming of a strange blade buried deep within the caves below the lighthouse,One of the lighthouse keepers went mad and killed himself after dreaming of a strange blade buried deep within the caves below the lighthouse,
Perhaps that artifact should be recovered for safe-keeping... or use,That artifact could be recovered for safekeeping... or personal use,
The entrance to the caves is under the broken bridge,The entrance to the caves is under the broken bridge,
"I recovered a strange dagger from some sort of ancient, pre-Imperial, ritual chamber in the caves beneath the lighthouse","I recovered a peculiar dagger from some sort of ancient, pre-Imperial, ritual chamber in the caves beneath the lighthouse",
Find Froggert!,Find Froggert!,
"Marsa, a young girl in the Idran camp, has lost her stuffed animal 'Froggert'","Marsa, a young girl in the Idran camp, has lost her stuffed animal, “Froggert”",
Getting it back for her might be a small act of kindness in a sea of horrors,Getting it back for her might be a small act of kindness in this sea of despair,
The wayward reptile has been recovered,The wayward reptile has been recovered,
Marsa was overjoyed,Marsa was overjoyed,
It felt good to help,It felt good to help,
Lost Sailors,Lost Sailors,
I met a small group of surviving sailors from the Zephyr camped near the wreck,I met a small group of surviving sailors from the Zephyr camped near the wreck,
"Their de-facto leader, Snow, has asked that I send any survivors I find his way","Their de facto leader, Snow, has asked that I send any survivors I find his way",
There should be at least 3 out there,There should be at least three out there,
Found so far,Found so far,
I sent those I could find to Snow’s camp,I sent those I could find to Snow’s camp,
"Though the group is still small, they certainly stand a better chance together than alone","Though the group is still small, they certainly stand a better chance at survival banding together",
Sealed Away,Sealed Away,
"Kat from the Zephyr, suggests we should look to see if the captain’s seal survived the sinking","Kat, a woman from the Zephyr, suggests we should look to see if the captain’s seal survived the sinking",
"Though the captain died on the Zephyr, one of the other crew-members might have managed to bring it ashore","Though the captain died on the decks of the Zephyr and now sleeps alongside it beneath the waves, one of the other crew members might have managed to bring it ashore",
Kat suggests we start by examining a cave to the west,Kat suggests we start by examining a cave to the west,
The seal is apparently quite valuable and the Nautical Guild would pay well to have it returned,The seal is apparently quite valuable and the Nautical Guild would pay well to have it returned,
We found the seal on one of the corpses in the cave,We found the seal on one of the corpses in the cave,
I'll hold onto it and perhaps there is an opportunity to return it to the Nautical Guild if we ever make it back to the mainland,"I'll hold onto it, with the hope of being able to turn it into the Nautical Guild for a reward; should we ever be able to leave this forsaken place and make it back to the mainland",
Rescue Natia,Rescue Natia,
"Philip, a survivor from Horryn, has pleaded with me to try and rescue his wife Natia who is being dragged away the meet “The Father” inside the keep","Philip, a survivor from Horryn, has pleaded with me to try and rescue his wife Natia who is being dragged away the meet “The Father” inside the keep",
She has auburn hair,She is a striking woman with auburn hair,
I managed to save Natia but not without her suffering a grievous wound,"I managed to save Natia, but not without her suffering a grievous wound",
Thankfully I feel certain she will recover,"Thankfully, I feel certain she will recover",
Philip took her to their small home near the Fisherman’s Gate,Philip took her to their small home near the Fisherman’s Gate,
I failed to rescue Natia and she lost her life at the hands of a Reaver,I failed to rescue Natia and she lost her life at the hands of a Reaver,
Philip offered me a gold ring as reward for the rescue of his wife,Philip offered me a gold ring as reward for the rescue of his wife,
Badge of Honor,Badge of Honour,
Encountered a ‘sewerjack’ under Horryn,I’ve Encountered a “sewerjack” under Horryn,
He lost his badge in a scrap with some vermin in one of the side-tunnels east of where I met him,He lost his badge in a scrap with some vermin in one of the side-tunnels east of where we met,
It seems he would be very happy if we recovered it for him,It seems he would be very happy if we recovered it for him,
I recovered the badge for the sewerjack,I recovered the badge for the sewerjack,
He couldn't offer much in the way of a reward but instead provided me with a hand drawn map of the sewers,"He couldn't offer much in the way of a reward, but instead provided me with a hand drawn map of the sewers",
Timber!,Timber!,
A lumberjack and his son were attacked by monsters in the woods,A lumberjack and his son were attacked by monsters in the woods,
The son got away but apparently his father didn’t,"His son got away, but apparently the father was not so fortunate",
The kid asked me to look for his father,The boy asked me to look for his father,
Apparently their camp can be found east of the big oak,"Apparently, their camp can be found east of the big oak tree",
"Against all odds, I found the lumberjack alive in a giant spider cocoon","Against all odds, I found the lumberjack still somehow alive in a giant spider cocoon",
He was grateful to be released and reunited with his son,He was grateful to be released and reunited with his son,
The Stargazer,The Stargazer,
"It seems Basilo, the wreck picker, has come across a chest of my belongings","It seems Basilo, the wreckpicker, has come across a chest of my belongings",
He’s agreed to turn it over if I help him,He’s agreed to turn it over if I help him,
It would appear an astronomer has set up a camp in the cliffs west of Basilo’s house,It would appear an astronomer has set up a camp in the cliffs west of Basilo’s house,
He’s asked me to bring him the telescope from the camp,He’s asked me to bring him the telescope from the camp,
I brought Basilo the telescope and traded it for my belongings,I brought Basilo the telescope and traded it to have my possessions returned,
Well of Tears,Well of Tears,
"Marita, a mourning mother, is being haunted by the laughter of her dead children coming from a well on her farm","Marita, a mourning mother, is being haunted by the laughter of her dead children coming from a well on her farm",
"Sadly, it seems to have driven her mad with grief","Sadly, it seems to have driven her mad with grief",
Perhaps there is a way for me to help her?,Perhaps there is a way for me to ease her suffering?,
I ventured into the well and recovered the bones of Marita’s two children,I ventured into the well and recovered the bones of Marita’s two children,
"In the darkness below, I encountered some kind of abominable mold creature that had the ability to mimic its victims","In the darkness below, I encountered some kind of abominable mould creature that had the ability to mimic its victims",
I pray this is the last time I encounter such a horror,I pray this is the last time I encounter such a horror,
Zephyr's Wreck,Zephyr's Wreck,
A group of Snow’s sailors disappeared whilst exploring the wreckage of the Zephyr,A group of Snow’s sailors disappeared whilst exploring the wreckage of the Zephyr,
Snow asks that I investigate their fate,Snow asks that I investigate their fate,
Examining the wreckage I came across a monstrously grown rat creature that spoke with the voice of a man,Examining the wreckage I came across a hideous and overgrown rodent that spoke with the voice of a man,
I dispatched it though I came too late to save the lives of the lost sailors,"Though I arrived too late to save the sailors, the creature is no more",
I best report back to Snow,I best report back to Snow,
Snow could not pay me for my work but assures me the Nautical Guild will not forget my service,"Snow couldn't grant me any tangible reward for my efforts, but assures me the Nautical Guild will not forget my service",
The Lost Captain,The Lost Captain,
"Zhara, this first mate of a stranded smuggler’s crew, has asked me to learn the fate of their captain, Iago","Zhara, this first mate of a stranded smuggler’s crew, has asked me to learn the fate of their captain, Iago",
He traveled to Horryn to visit the city’s black market right before it fell and that is where I should search for him,"He travelled to Horryn to visit the city’s black market right before it fell, so I should begin my search for his whereabouts there",
The entrance to the black market can be found in the city’s sewers,The entrance to the black market can be found somewhere in the city sewers,
We found Captain Iago in chains in the Rat Queen's dungeons,I found Captain Iago bound in chains in the Rat Queen's dungeons,
I should try to free him somehow as he has the potential to become a valuable ally,"It is said that  “a captain’s strength is tested by the loyalty he inspires in others”. Freeing him might prove to be a worthwhile endeavour, after all",
Sisters,Sisters,
"A woman named Julia in Horryn, asked me to find her sister, Ylia, who lives in Firgol","Julia of Horryn has asked me to find her sister, Ylia, who lives in on an island to the north, in Firgol",
Julia is convinced her sister is worried about her safety considering last week’s events in Horryn,Julia is convinced her sister is worried about her safety considering last week’s events in Horryn,
She wants me to inform Ylia that she is safe given the circumstances,She wants me to inform Ylia that she is relatively safe under the given the circumstances,
I met Ylia and talked to her but the encounter left me none the wiser,"I met Ylia and talked to her, but the encounter has only left me confounded",
It seems Ylia is not only oblivious to the state of the Outer Isles,It seems Ylia is not only oblivious to the state of the Outer Isles,
She also insists that her sister was not late at all and was in fact due to arrive in a few days time,She also insists that her sister was not late at all and was in fact due to arrive in a few days time,
I’m not sure what to make of this,I’m not certain what to make of this,
IAGO IN CHAINS,IAGO IN CHAINS,
Iago in Chains,Iago in Chains,
"I found Iago zha Droma, captain of the Weathermaiden, in chains in the black market of the Rat Queen","I found Iago zha Droma, captain of the Weathermaiden, in chains in the black market of the Rat Queen",
He begged me to intercede to the queen on his behalf,He begged me to intercede with the queen on his behalf,
"If I somehow manage to free him, he might make a valuable ally","If I somehow manage to free him, he might make a valuable ally",
Iago has been freed from the dungeons of the Rat-Queen,Iago has been freed from the dungeons of the Rat Queen,
The Queen's Request,The Queen's Request,
The Rat Queen has asked me to recover the Harbormaster's Ledger for her,The Rat Queen has asked me to recover the Harbourmaster's ledger for her,
She recommends searching the eastern sea-tower,She recommends searching the eastern sea-tower,
We can find that by following the eastern jetty all the way around to the entrance of the harbor,This can be found by following following the eastern jetty all the way around to the entrance of the harbour,
"I recovered the ledger and in return, the queen released Iago","I recovered the ledger and keeping her end of the bargain, the queen released Iago",
There is little love lost there,There is little love lost there,
Dying Light,Dying Light,
Mathias needs oil for the lighthouse,Mathias needs oil for the lighthouse,
I should search for it in the warehouses along the harbor in Horryn once I make my way there,"I should search for it in the warehouses along the harbour in Horryn, once I make my way there",
I found the oil and brought it to Mathias,I found the oil and brought it to Mathias,
The lighthouse should be well stocked for now,The lighthouse should shrine brightly for the fore-'sea'-able future,
"To show his gratitude, Mathias gave me his old broadsword","As a mark of his gratitude, Mathias parted with his old but trusty broadsword",
Fate of the Santa Fury,Fate of the Santa Fury,
"According to Carylla the mercenary captain, the wreck of the lost treasure-ship, the Santa Fury, is said to be located here on Idra","According to Carylla the mercenary captain, the wreck of the lost treasure-ship, the Santa Fury, is said to be located here on Idra",
Perhaps I could find it?,Perhaps I could find it?,
Hidden Clues,Hidden Clues,
"Carylla the mercenary captain says the Santa Fury is supposed to be found ""on dry land and near the lighthouse"" according to the rumor","Carylla, the mercenary captain, says that circling rumours sighted the Santa Fury ""on dry land and near the lighthouse"", or so they claim",
I should search for it,I should seek it out,
Found the Santa Fury - in a sense,Found the Santa Fury - one might say,
Turns out there is a painting of the ship hanging in the lighthouse,Turns out a painting of this ship hanging in the lighthouse was the solution to the riddle,
On the back of the painting was a poem,On the back of the painting was a poem,
It seems like it might offer directions to something buried in the ground,It seems like it might offer directions to something buried in the ground,
Buried Secrets,Buried Secrets,
"From the back of the ""Santa Fury","From the back of the ""Santa Fury","The Santa Fury made her flight"""
"From the center of the three, The Santa Fury made her flight","From the centre of the three, The Santa Fury set sail",
"Setting out to hide her booty, All within the lighthouse's sight","Setting out to hide her booty, Within the lighthouse's veil",
"leagues south began her trip, ""5 east"" the Captain cried. 4 more north, our valiant ship, Our plunder we shall hide!","leagues south began her trip, ""5 east!"" the Captain cried, ""4 more north, our valiant ship, Our plunder we shall hide!""",
Land ahoy!,Land ho!,
went up the roar,went up the roar,
We'll lay our treasure there!,We'll lay our treasure here!,
"Into the rising sun: 3 more, Then dig and have no fear!","Into the rising sun: 3 more, Then dig and have no fear!",
Pilgrimage,Pilgrimage,
There are five pilgrim-shrines in the Outer Isles and I should attempt to visit all of them,There are five pilgrim-shrines in the Outer Isles and I should attempt to visit all of them,
I’ve learned the prayer to recite at each of them,I’ve learned the proper prayer to recite at each,
Shrine of Agility,Shrine of Agility,
I should pray at the Shrine of Agility to receive its blessing,I should pray at the Shrine of Agility to receive its blessing,
The shrine can be found on one of the small islands in the archipelago of the Outer Isles,The shrine can be found on one of the small islands in the archipelago of the Outer Isles,
Shrine of Fortitude,Shrine of Fortitude,
I should pray at the Shrine of Fortitude to receive its blessing,I should pray at the Shrine of Fortitude to receive its blessing,
"The shrine is said to be located somewhere on the island of Eryll, north of Idra","The shrine is said to be located somewhere on the island of Eryll, north of Idra",
Shrine of Intellect,Shrine of Intellect,
I should pray at the Shrine of Intellect to receive its blessing,I should pray at the Shrine of Intellect to receive its blessing,
The shrine can be found on an island directly east of Idra,The shrine can be found on an island directly east of Idra,
Shrine of Presence,Shrine of Presence,
I should pray at the Shrine of Presence to receive its blessing,I should pray at the Shrine of Presence to receive its blessing,
The shrine can be found on Idra - at the island’s northernmost point,The shrine can be found on Idra - at the island’s northernmost point,
Shrine of Strength,Shrine of Strength,
I should pray at the Shrine of Strength to receive its blessing,I should pray at the Shrine of Strength to receive its blessing,
"The shrine is said to be located on Gradla's western coast, near the volcano Karaban","The shrine is said to be located on Gradla's western coast, near the volcano Karaban",
Carnivale,Carnivale,
Preparations,Preparations,
The Baron and Baroness of Firgol are putting on a feast called the Carnivale for the commoners of the village of Firgol,The Baron and Baroness of Firgol are putting on a feast called the Carnivale for the commoners of the village of Firgol,
"The preparations are taking a bit longer than expected however, and they’ve asked me to see if I can help out","The preparations are taking a bit longer than expected however, and they’ve asked me to see if I can help out",
"The Baroness asked me to talk to Ari the brewer, Camilla the weaver and Klara the cook to see if they need my help","The Baroness asked me to talk to Ari the brewer, Camilla the weaver, and Klara the cook to see if she needs my help",
All three can be found in the main village,All three can be found in the main village,
The Brewer,The Brewer,
The Baroness of Firgol has asked me to talk to Ari the brewer to see if they need my help in finishing preparations for the Canivale,The Baroness of Firgol has asked me to talk to Ari the brewer to see if he needs my help in finishing preparations for the Canivale,
TALK TO ARI,TALK TO ARI,
Talk to Ari,Talk to Ari,
I need to seek out Ari the Brewer,I need to seek out Ari the Brewer,
He lives somewhere in the village of Firgol,He lives somewhere in the village of Firgol,
GNAWING AT THE ROOTS,GNAWING AT THE ROOTS,
Gnawing at the Roots,Gnawing at the Roots,
Ari the Brewer in Firgol has asked me to find and clear three mole-burrows in his orchards,Ari the Brewer in Firgol has asked me to find and clear three mole-burrows in his orchards,
They may be well hidden so I might need to search for them,"They may be well hidden, so I might need to search for them",
"Once I find them, I should use a shovel to collapse them","Once I find them, I should use a shovel to collapse them",
Once I’m done I am to return to Ari,"Once I’m done, I am to return to Ari",
The orchards are located north of Ari’s house in the village of Firgol,"The orchards are located north of Ari’s house, in the village of Firgol",
Burrows Found,Burrows Found,
The Cook,The Cook,
The Baroness of Firgol has asked me to talk to Klara the cook to see if they need my help in finishing preparations for the Canivale,The Baroness of Firgol has asked me to talk to Klara the cook to see if she needs my help in finishing preparations for the Canivale,
TALK TO KLARA,TALK TO KLARA,
Talk to Klara,Talk to Klara,
I need to seek out Klara the cook,I need to seek out Klara the cook,
She works at the inn in Firgol,She works at the inn in Firgol,
Queen's Gambit,Queen's Gambit,
Klara the cook at the inn is preparing honey cakes for the carnivale,Klara the cook at the inn is preparing honey cakes for the Carnivale,
She’s asked that I go to the beehives west of the village and fetch her at least one honeycomb of the local 'Firgol honey',She’s asked that I go to the beehives west of the village and fetch her at least one honeycomb of the local 'Firgol honey',
The Weaver,The Weaver,
The Baroness of Firgol has asked me to talk to Camilla the weaver to see if they need my help in finishing preparations for the Canivale,The Baroness of Firgol has asked me to talk to Camilla the weaver to see if she needs my help in finishing preparations for the Canivale,
TALK TO CAMILLA,TALK TO CAMILLA,
Talk to Camilla,Talk to Camilla,
I need to seek out Camilla the weaver,I need to seek out Camilla the weaver,
She lives somewhere in the village of Firgol,She lives somewhere in the village of Firgol,
A Song for Camilla,A Song for Camilla,
Camilla the weaver has a crush on a woman named Cass,Camilla the weaver is enamoured by a woman named Cass,
Unfortunately she fears her love is unrequited and has asked me to talk to Cass on her behalf,"Unfortunately, she fears her love is unrequited and, overcome with anxiety, has asked me to interpose and talk to Cass on her behalf",
She suggests I search for Cass along the bed of the lake or creek that runs past Firgol,She suggests I search for Cass along the bed of the lake or creek that runs past Firgol,
Such Wonders,Such Wonders,
Carnivale is upon you!,The Carnivale is upon you!,
Eat!,Eat!,
Drink!,Drink!,
Revel!,Revel!,
You must partake in all the wonders of the Carnivale!,You must partake in all the wonders of the Carnivale!,
Try the drink at the Carnevale!,Try the drink at the Carnivale!,
Sample the food at the Carnivale,Sample the food at the Carnivale,
Give in to the music of the Carnivale,Give in to the music of the Carnivale,
The Surprise,The Surprise,
Enjoy the rest of the night,Enjoy the rest of the night,
The Finale,The Finale,
Storm the Firgol manor,Storm the Firgol manor,
The Baron's Play,The Baron's Play,
The Baron's play is about to begin,The Baron's play is about to begin,
Take your place in front of the stage,Take your place in front of the stage,
The Tower of Ash,The Tower of Ash,
We met a strange man on Idra who beseeched us to travel to an island just north of Idra called Eryll and seek out ‘The Tower of Ash’,We met a strange man on Idra who beseeched us to travel to an island just north of Idra called Eryll and seek out the “Tower of Ash”,
Apparently his master is somehow in dire straits and in need of aid,"Apparently, his master is somehow in dire straits and in need of aid",
"Though not much more could be learned from the man, I suspect his master may in fact be a Magos of quite some power","Though not much more could be learned from the man, I suspect his master may, in fact, be a Magos of quite some power",
TO THE TOWER,TO THE TOWER,
To the Tower,To the Tower,
I've been asked to travel to the island of Eryll,I've been asked to travel to the island of Eryll,
It lies a short distance north of Idra but still south of Gradla,It lies a short distance north of Idra but still south of Gradla,
There I must find ‘The Tower of Ash’ and venture to learn more of the plight of its ‘Master’,There I must find the “Tower of Ash” and venture to learn more of the plight of its “Master”,
Down Below,Down Below,
I met the strange apprentices of a Magos by the name of Calipero,I met the strange apprentices of a Magos by the name of Calipero,
He seems to be missing in the halls underneath the tower and the apprentices are desperate to see him returned,He seems to be missing in the halls underneath the tower and the apprentices are desperate to see him returned,
The entrance to the dungeons below can be found under the mercury pool on the ground floor of the tower,The entrance to the dungeons below can be found under the mercury pool on the ground floor of the tower,
Apparently the entrance will somehow reveal itself if I blow the silver flute given to me by the apprentices,"Apparently, the entrance will somehow reveal itself if I blow the silver flute given to me by the apprentices",
Salts of Elthanyr,Salts of Elthanyr,
"As I entered the dungeon, I was contacted through magical means by Calipero himself","As I entered the dungeon, I was contacted through magical means by Calipero himself",
It seems he is locked in an arcane stale-mate with some creature he tried to call forth from beyond,It seems he is locked in an arcane stalemate with some creature he tried to call forth from beyond,
To free himself he has asked that we create something called the Salts of Elthanyr and bring it to his summoning chambers beneath the main dungeon,To free himself he has asked that we create something called the Salts of Elthanyr and bring it to his summoning chambers beneath the main dungeon,
Ingredient Hunt,Ingredient Hunt,
To craft the Salts of Elthanyr I need to find the 'Protoplasmic Catalyzer' and add the following ingredients is this exact order,To craft the Salts of Elthanyr I need to find the 'Protoplasmic Catalyser' and add the following ingredients is this exact order,
First add Sylversalt,"First, introduce Sylversalt",
"Second, add Salamander’s Horn","Second, add Salamander’s Horn.",
"Finally, add Lotus Petals","Finally, Lotus Petals",
I'm sure these ingredients as well as the 'Protoplasmic Catalyzer' can be found in this very dungeon,"I'm sure these ingredients, as well as the “Protoplasmic Catalyser”, can be found in this very dungeon",
The Recipe,The Recipe,
For starters I need to find the recipe for Salts of Elthanyr,For starters I need to find the recipe for Salts of Elthanyr,
Hopefully the recipe can be found somewhere in this dungeon,Hopefully the recipe can be found somewhere in this dungeon,
The Summoning Chamber,The Summoning Chamber,
I've crafted the Salts of Elthanyr,I've crafted the Salts of Elthanyr,
Now I need to make my way down Calipero's Summoning Chambers and assist him as best I can,"Now, I need to make my way down Calipero's Summoning Chambers and assist him as best I can",
Vomit Cups,Vomit Cups,
"Esteban, the alchemist in the Underhalls under Horryn, has asked me to find some ‘vomit cup’ fungi for him","Esteban, the alchemist in the Underhalls under Horryn, has asked me to find some “vomit cup” fungi for him",
They are large green fungi that smell horribly,"They are large, green fungi that have a nauseating stench",
He explains that they grow in caves adjoining the Underhalls,He explains that they grow in caves adjoining the Underhalls,
These caves can be accessed through a barred gate west of the Rat-Queens court,These caves can be accessed through a barred gate west of the Rat Queens court,
The area is off-limits and a guard patrols it,The area is off-limits and is patrolled by guards,
"Once past the gate, I should make a left turn and find the chamber where the vomit cups grow","Once past the gate, I should make a left turn and find the chamber where the vomit cups grow",
"Afterwards, I’ll return to Esteban for my rewards as well as access to his alchemical supplies","Afterwards, I’ll return to Esteban for my rewards, including access to his alchemical supplies",
